equipment_group_id,code,name,full_name
1,1.2010.000,Bürocontainer,1.2010.000 - Bürocontainer
2,1.3010.000,Stromerzeuger,1.3010.000 - Stromerzeuger
3,1.4010.000,Schmutzwasserpumpe,1.4010.000 - Schmutzwasserpumpe
4,1.5010.000,Lichtmast,1.5010.000 - Lichtmast
5,2.1010.000,"Minibagger (0,0 to - 4,4 to)","2.1010.000 - Minibagger (0,0 to - 4,4 to)"
6,2.1020.000,"Kompaktbagger (4,5 to - 10,9 to)","2.1020.000 - Kompaktbagger (4,5 to - 10,9 to)"
7,2.1030.000,Kettenbagger,2.1030.000 - Kettenbagger
8,2.1040.000,Mobilbagger,2.1040.000 - Mobilbagger
9,2.2010.000,Tieflöffel,2.2010.000 - Tieflöffel
10,2.2020.000,Tieflöffel (hydraulisch schwenkbar),2.2020.000 - Tieflöffel (hydraulisch schwenkbar)
11,2.2025.000,Telelöffel,2.2025.000 - Telelöffel
12,2.2030.000,Sieblöffel,2.2030.000 - Sieblöffel
13,2.2040.000,Grabenräumlöffel (starr),2.2040.000 - Grabenräumlöffel (starr)
14,2.2050.000,Grabenräumlöffel (hydraulisch schwenkbar),2.2050.000 - Grabenräumlöffel (hydraulisch schwenkbar)
15,2.2060.000,Pendelgreifer,2.2060.000 - Pendelgreifer
16,2.2070.000,Abbruch- und Sortiergreifer,2.2070.000 - Abbruch- und Sortiergreifer
17,2.2080.000,Hydraulikhammer,2.2080.000 - Hydraulikhammer
18,2.2090.000,Anbauverdichter,2.2090.000 - Anbauverdichter
19,2.2100.000,Abbruchzange/Pulverisierer,2.2100.000 - Abbruchzange/Pulverisierer
20,2.2110.000,Roderechen,2.2110.000 - Roderechen
21,2.2120.000,Schaufelseparator,2.2120.000 - Schaufelseparator
22,2.2130.000,Brecherlöffel,2.2130.000 - Brecherlöffel
23,2.2140.000,Erdbohrer (Bagger),2.2140.000 - Erdbohrer (Bagger)
24,2.2150.000,Anbaufräse,2.2150.000 - Anbaufräse
25,2.2160.000,Anbaumagnet,2.2160.000 - Anbaumagnet
26,2.2170.000,Spatenlöffel,2.2170.000 - Spatenlöffel
27,2.2180.000,Palettengabel (Bagger),2.2180.000 - Palettengabel (Bagger)
28,2.2190.000,Tiltrotator (Sandwich),2.2190.000 - Tiltrotator (Sandwich)
29,2.2200.000,Asphaltschneidrad,2.2200.000 - Asphaltschneidrad
30,2.2210.000,Anbaugrabenfräse,2.2210.000 - Anbaugrabenfräse
31,2.2220.000,Planierbalken,2.2220.000 - Planierbalken
32,2.2230.000,Rohrschiebeadapter (mechanisch),2.2230.000 - Rohrschiebeadapter (mechanisch)
33,2.2240.000,Anbaukernbohrgerät,2.2240.000 - Anbaukernbohrgerät
34,2.2250.000,Reißzahn,2.2250.000 - Reißzahn
35,2.2260.000,Wurzelschneider,2.2260.000 - Wurzelschneider
36,2.2270.000,Anbaustabilisierer,2.2270.000 - Anbaustabilisierer
37,2.3010.000,Radlader,2.3010.000 - Radlader
38,2.4010.000,Schaufel (Rad-/Kompaktlader),2.4010.000 - Schaufel (Rad-/Kompaktlader)
39,2.4020.000,Palettengabel (Rad-/Kompaktlader),2.4020.000 - Palettengabel (Rad-/Kompaktlader)
40,2.4030.000,Kehrbesen (Rad-/Kompaktlader),2.4030.000 - Kehrbesen (Rad-/Kompaktlader)
41,2.4040.000,Schneeschild (Rad-/Kompaktlader),2.4040.000 - Schneeschild (Rad-/Kompaktlader)
42,2.5010.000,Raddumper,2.5010.000 - Raddumper
43,2.5020.000,Kettendumper,2.5020.000 - Kettendumper
44,2.6010.000,Planierraupe,2.6010.000 - Planierraupe
45,2.6020.000,Laderaupe,2.6020.000 - Laderaupe
46,2.6040.000,Grader,2.6040.000 - Grader
47,2.6045.000,3D - Steuerung,2.6045.000 - 3D - Steuerung
48,2.7010.000,Anhänger Tieflader,2.7010.000 - Anhänger Tieflader
49,2.7020.000,Anhänger Mulde,2.7020.000 - Anhänger Mulde
50,2.7030.000,Auffahrrampen,2.7030.000 - Auffahrrampen
51,3.1010.000,Vibrationsplatte,3.1010.000 - Vibrationsplatte
52,3.1020.000,Zubehör für Vibrationsplatten,3.1020.000 - Zubehör für Vibrationsplatten
53,3.1030.000,Vibrationsstampfer,3.1030.000 - Vibrationsstampfer
54,3.1040.000,Innenrüttler,3.1040.000 - Innenrüttler
55,3.2010.000,Grabenwalze,3.2010.000 - Grabenwalze
56,3.2020.000,Walzenzug (Glattmantel),3.2020.000 - Walzenzug (Glattmantel)
57,3.2030.000,Anbauplattenverdichter (Walzenzug),3.2030.000 - Anbauplattenverdichter (Walzenzug)
58,3.2040.000,Walzenzug (Schaffuß),3.2040.000 - Walzenzug (Schaffuß)
59,3.2060.000,Tandemwalze,3.2060.000 - Tandemwalze
60,3.2070.000,Kombiwalze,3.2070.000 - Kombiwalze
61,3.2080.000,Splittstreuer,3.2080.000 - Splittstreuer
62,3.2090.000,Gummiradwalze,3.2090.000 - Gummiradwalze
63,4.1010.000,Kaltfräse (Rad),4.1010.000 - Kaltfräse (Rad)
64,4.1020.000,Kaltfräse (Kette),4.1020.000 - Kaltfräse (Kette)
65,4.1030.000,Förderband für Kaltfräse,4.1030.000 - Förderband für Kaltfräse
66,4.1040.000,Fräswalze für Kaltfräse,4.1040.000 - Fräswalze für Kaltfräse
67,4.2010.000,Beschicker,4.2010.000 - Beschicker
68,4.2020.000,Schwenkband für Beschicker,4.2020.000 - Schwenkband für Beschicker
69,4.2030.000,Materialkübel für Beschicker,4.2030.000 - Materialkübel für Beschicker
70,4.3010.000,Radfertiger,4.3010.000 - Radfertiger
71,4.3020.000,Kettenfertiger,4.3020.000 - Kettenfertiger
72,4.3025.000,starre Bohle,4.3025.000 - starre Bohle
73,4.3030.000,Bohlenverbreiterung,4.3030.000 - Bohlenverbreiterung
74,4.3035.000,Bohlenverschmälerung,4.3035.000 - Bohlenverschmälerung
75,4.3040.000,BigSki,4.3040.000 - BigSki
76,4.3050.000,Leuchtballon,4.3050.000 - Leuchtballon
77,4.3060.000,RoadScan,4.3060.000 - RoadScan
78,4.3065.000,Navitronic,4.3065.000 - Navitronic
79,4.3066.000,FDVK,4.3066.000 - FDVK
80,4.3070.000,Kompressor,4.3070.000 - Kompressor
81,4.3090.000,Bitumen Sprayer,4.3090.000 - Bitumen Sprayer
82,4.3095.000,Fugenvergusskocher,4.3095.000 - Fugenvergusskocher
83,4.4040.000,Fugenschneider,4.4040.000 - Fugenschneider
84,5.1020.000,Prallbrecher,5.1020.000 - Prallbrecher
85,5.1030.000,Backenbrecher,5.1030.000 - Backenbrecher
86,5.1040.000,Siebanlage,5.1040.000 - Siebanlage
87,5.2010.000,Betonmischer,5.2010.000 - Betonmischer
88,5.5010.000,Scherenarbeitsbühne (elektrisch),5.5010.000 - Scherenarbeitsbühne (elektrisch)
89,5.5040.000,Gelenk-Teleskoparbeitsbühne,5.5040.000 - Gelenk-Teleskoparbeitsbühne
90,5.5050.000,Anhängerarbeitsbühne,5.5050.000 - Anhängerarbeitsbühne
91,5.6010.000,Untendreher-Kran,5.6010.000 - Untendreher-Kran
92,5.6020.000,Obendreher-Kran,5.6020.000 - Obendreher-Kran
93,5.6030.000,Krankomponente,5.6030.000 - Krankomponente
94,5.6040.000,Telekran (Rad),5.6040.000 - Telekran (Rad)
95,5.6050.000,Telekran (Kette),5.6050.000 - Telekran (Kette)
96,5.6060.000,Spitzenausleger für Telekran,5.6060.000 - Spitzenausleger für Telekran
97,5.6070.000,Miniraupenkran,5.6070.000 - Miniraupenkran
98,5.6080.000,Autokran,5.6080.000 - Autokran
99,5.7010.000,Teleskoplader (starr),5.7010.000 - Teleskoplader (starr)
100,5.8010.000,Schaufel (Teleskoplader),5.8010.000 - Schaufel (Teleskoplader)
101,5.8020.000,Palettengabel (Teleskoplader),5.8020.000 - Palettengabel (Teleskoplader)
102,5.8030.000,Lasthaken (Teleskoplader),5.8030.000 - Lasthaken (Teleskoplader)
103,6.1010.000,Kernbohrgerät,6.1010.000 - Kernbohrgerät
104,6.6010.000,Bautrockner,6.6010.000 - Bautrockner
105,6.7010.000,Heizung,6.7010.000 - Heizung
106,7.2010.000,Stemmhammer,7.2010.000 - Stemmhammer
107,7.7010.000,Hochdruckreiniger,7.7010.000 - Hochdruckreiniger
108,8.1010.000,Tischsäge,8.1010.000 - Tischsäge
109,8.2020.000,Bodenfräse / -recycler,8.2020.000 - Bodenfräse / -recycler
110,8.2025.000,Bindemittelstreuer,8.2025.000 - Bindemittelstreuer
111,8.2030.000,Grabenfräse,8.2030.000 - Grabenfräse
112,8.4010.000,Holzhäcksler,8.4010.000 - Holzhäcksler
113,8.6010.000,Freischneider,8.6010.000 - Freischneider
114,8.8010.000,Heckenschere,8.8010.000 - Heckenschere
115,9.1060.000,Bohrgerät (horizontal),9.1060.000 - Bohrgerät (horizontal)
116,9.1080.000,Förderband,9.1080.000 - Förderband
117,9.1090.000,Gabelstapler,9.1090.000 - Gabelstapler
118,9.1100.000,PKW,9.1100.000 - PKW
119,9.1110.000,LKW,9.1110.000 - LKW
120,9.1130.000,Nivelliergerät,9.1130.000 - Nivelliergerät
121,9.1150.000,Traktor,9.1150.000 - Traktor
122,999.9999.010,Sonstiges,999.9999.010 - Sonstiges
