property_type_id,code,name,full_name
1,E1010,1-Achser,E1010 - 1-Achser
2,E1020,2-Achser,E1020 - 2-Achser
3,E1030,3-Achser,E1030 - 3-Achser
4,E1040,4-Achser,E1040 - 4-Achser
5,E1050,ABB - Arbeitsbereichsbegrenzung,E1050 - ABB - Arbeitsbereichsbegrenzung
6,E1070,Abgasstufe EU,E1070 - Abgasstufe EU
7,E1080,Abgasstufe USA,E1080 - Abgasstufe USA
8,E1090,Absauganlage,E1090 - Absauganlage
9,E1100,Absauganlage VCS,E1100 - Absauganlage VCS
10,E1110,Allradantrieb,E1110 - Allradantrieb
11,E1120,Allradlenkung,E1120 - Allradlenkung
12,E1130,Anzahl Zähne,E1130 - Anzahl Zähne
13,E1150,Arbeitsbreite [mm],E1150 - Arbeitsbreite [mm]
14,E1160,Arbeitsdruck [bar],E1160 - Arbeitsdruck [bar]
15,E1170,Arbeitshöhe [m],E1170 - Arbeitshöhe [m]
16,E1180,Asphaltmanager,E1180 - Asphaltmanager
17,E1200,Aufgabe [mm],E1200 - Aufgabe [mm]
18,E1210,Ausladung [m],E1210 - Ausladung [m]
19,E1220,Ausleger [m],E1220 - Ausleger [m]
20,E1230,Backenbrecher,E1230 - Backenbrecher
21,E1240,Ballast [t],E1240 - Ballast [t]
22,E1250,Bandbreite [mm],E1250 - Bandbreite [mm]
23,E1270,Bio-Hydrauliköl,E1270 - Bio-Hydrauliköl
24,E1280,Bodenplatten [mm],E1280 - Bodenplatten [mm]
25,E1320,Brechkraft [t],E1320 - Brechkraft [t]
26,E1330,Breite [mm],E1330 - Breite [mm]
27,E1340,Dachprofilverstellung,E1340 - Dachprofilverstellung
28,E1360,Dauerleistung [kVA],E1360 - Dauerleistung [kVA]
29,E1370,Dieselmotor,E1370 - Dieselmotor
30,E1380,Dieselpartikelfilter,E1380 - Dieselpartikelfilter
31,E1390,Distanzkontrolle automatisch,E1390 - Distanzkontrolle automatisch
32,E1400,drehbar,E1400 - drehbar
33,E1430,Druck [bar],E1430 - Druck [bar]
34,E1450,Durchsatzmenge [t/h],E1450 - Durchsatzmenge [t/h]
35,E1460,E-Heizung,E1460 - E-Heizung
36,E1470,Einbaubreite Grundbohle [m],E1470 - Einbaubreite Grundbohle [m]
37,E1480,Einbaubreite max. [m],E1480 - Einbaubreite max. [m]
38,E1490,Einbaubreite mit Verbreiterungen [m],E1490 - Einbaubreite mit Verbreiterungen [m]
39,E1510,Elektrostarter,E1510 - Elektrostarter
40,E1530,Fahrgeschwindigkeit [km/h],E1530 - Fahrgeschwindigkeit [km/h]
41,E1540,FCS - flexible cutter system,E1540 - FCS - flexible cutter system
42,E1570,Förderhöhe [m],E1570 - Förderhöhe [m]
43,E1580,Förderkapazität [t/h],E1580 - Förderkapazität [t/h]
44,E1590,Förderlänge [m],E1590 - Förderlänge [m]
45,E1610,Fräsbreite [mm],E1610 - Fräsbreite [mm]
46,E1620,Fräsmeissel Anzahl,E1620 - Fräsmeissel Anzahl
47,E1630,Frästiefe [mm],E1630 - Frästiefe [mm]
48,E1650,Frequenz [Hz],E1650 - Frequenz [Hz]
49,E1660,Frontschild [mm],E1660 - Frontschild [mm]
50,E1670,Funkfernsteuerung,E1670 - Funkfernsteuerung
51,E1680,Gabelaufnahme Beschickerkübel,E1680 - Gabelaufnahme Beschickerkübel
52,E1690,Gas-Heizung,E1690 - Gas-Heizung
53,E1700,Gegengewicht [t],E1700 - Gegengewicht [t]
54,E1720,geteilte Bandage,E1720 - geteilte Bandage
55,E1730,Gewicht [kg],E1730 - Gewicht [kg]
56,E1740,Grabtiefe [mm],E1740 - Grabtiefe [mm]
57,E1750,Greiferdreheinrichtung,E1750 - Greiferdreheinrichtung
58,E1760,Greiferhydraulik,E1760 - Greiferhydraulik
59,E1770,Hakenhöhe [m],E1770 - Hakenhöhe [m]
60,E1780,Hammerhydraulik,E1780 - Hammerhydraulik
61,E1830,Hochdruckreiniger,E1830 - Hochdruckreiniger
62,E1840,hochfahrbare Kabine,E1840 - hochfahrbare Kabine
63,E1860,Höhe [mm],E1860 - Höhe [mm]
64,E1870,Hubhöhe [mm],E1870 - Hubhöhe [mm]
65,E1880,Inhalt [m³],E1880 - Inhalt [m³]
66,E1890,Kabine,E1890 - Kabine
67,E1900,Kantenschneidgerät [Stück],E1900 - Kantenschneidgerät [Stück]
68,E1920,Klappschild,E1920 - Klappschild
69,E1930,Klimaanlage,E1930 - Klimaanlage
70,E1940,Knicklenkung,E1940 - Knicklenkung
71,E1960,Körnung [mm],E1960 - Körnung [mm]
72,E1970,Kreiselbrecher,E1970 - Kreiselbrecher
73,E1990,Länge [mm],E1990 - Länge [mm]
74,E2000,Laufzeit [h],E2000 - Laufzeit [h]
75,E2010,Leistung [kVA],E2010 - Leistung [kVA]
76,E2020,Leistungsaufnahme [kW],E2020 - Leistungsaufnahme [kW]
77,E2030,LEVEL PRO,E2030 - LEVEL PRO
78,E2040,Löffelstiel [mm],E2040 - Löffelstiel [mm]
79,E2080,Mittelschar [mm],E2080 - Mittelschar [mm]
80,E2100,mobil - Kette,E2100 - mobil - Kette
81,E2110,mobil - Rad,E2110 - mobil - Rad
82,E2120,mobil - semi,E2120 - mobil - semi
83,E2130,Monoausleger,E2130 - Monoausleger
84,E2140,Motor - Benzin,E2140 - Motor - Benzin
85,E2150,Motor - Diesel,E2150 - Motor - Diesel
86,E2160,Motor - Elektro,E2160 - Motor - Elektro
87,E2170,Motor - Hersteller,E2170 - Motor - Hersteller
88,E2180,Motor - Leistung [kW],E2180 - Motor - Leistung [kW]
89,E2190,Motor [Typ],E2190 - Motor [Typ]
90,E2200,Muldenerhöhung,E2200 - Muldenerhöhung
91,E2210,Muldenheizung,E2210 - Muldenheizung
92,E2220,Muldenvolumen [m³],E2220 - Muldenvolumen [m³]
93,E2230,Nennspannung [V],E2230 - Nennspannung [V]
94,E2240,Nennstrom [A],E2240 - Nennstrom [A]
95,E2250,Nutzlast [kg],E2250 - Nutzlast [kg]
96,E2260,Oszillation,E2260 - Oszillation
97,E2270,PAT-Schild [mm],E2270 - PAT-Schild [mm]
98,E2280,Plattformhöhe [mm],E2280 - Plattformhöhe [mm]
99,E2300,Powertilt,E2300 - Powertilt
100,E2310,Prallmühle,E2310 - Prallmühle
101,E2320,Pratzenabstützung,E2320 - Pratzenabstützung
102,E2340,Rampen - hydraulisch,E2340 - Rampen - hydraulisch
103,E2350,Rampen - mechanisch,E2350 - Rampen - mechanisch
104,E2370,reversierbar,E2370 - reversierbar
105,E2390,Schaufelvolumen [m³],E2390 - Schaufelvolumen [m³]
106,E2400,Scherenhydraulik,E2400 - Scherenhydraulik
107,E2420,Schildabstützung,E2420 - Schildabstützung
108,E2430,Schnellgang,E2430 - Schnellgang
109,E2440,Schnellwechsler [Typ],E2440 - Schnellwechsler [Typ]
110,E2450,Schnellwechsler Henle,E2450 - Schnellwechsler Henle
111,E2460,Schnellwechsler hydr.,E2460 - Schnellwechsler hydr.
112,E2470,Schnellwechsler mech.,E2470 - Schnellwechsler mech.
113,E2480,Schnellwechsler OilQuick,E2480 - Schnellwechsler OilQuick
114,E2490,Schnittbreite [mm],E2490 - Schnittbreite [mm]
115,E2510,Schnittlänge [mm],E2510 - Schnittlänge [mm]
116,E2520,Schnitttiefe [mm],E2520 - Schnitttiefe [mm]
117,E2530,Schütthöhe [mm],E2530 - Schütthöhe [mm]
118,E2540,Schutzklasse [IP],E2540 - Schutzklasse [IP]
119,E2550,Schwenkband,E2550 - Schwenkband
120,E2560,Seitenknickausleger,E2560 - Seitenknickausleger
121,E2580,S-Schild [mm],E2580 - S-Schild [mm]
122,E2590,starres Band,E2590 - starres Band
123,E2610,Steigfähigkeit ohne Vibration [%],E2610 - Steigfähigkeit ohne Vibration [%]
124,E2615,Steigfähigkeit mit Vibration [%],E2615 - Steigfähigkeit mit Vibration [%]
125,E2620,SU-Schild [mm],E2620 - SU-Schild [mm]
126,E2640,Teleskopausleger,E2640 - Teleskopausleger
127,E2650,Temperaturmessung Asphalt,E2650 - Temperaturmessung Asphalt
128,E2670,Tiltrotator,E2670 - Tiltrotator
129,E2680,Trägergerät [Typ],E2680 - Trägergerät [Typ]
130,E2700,Tragkraft an der Spitze [kg],E2700 - Tragkraft an der Spitze [kg]
131,E2710,Tragkraft max. [kg],E2710 - Tragkraft max. [kg]
132,E2760,Truck - Assist,E2760 - Truck - Assist
133,E2770,Turmsystem [Typ],E2770 - Turmsystem [Typ]
134,E2780,U-Schild [mm],E2780 - U-Schild [mm]
135,E2790,Verdichtungsleistung [kg],E2790 - Verdichtungsleistung [kg]
136,E2800,Verdichtungsmesser,E2800 - Verdichtungsmesser
137,E2810,Verstellausleger,E2810 - Verstellausleger
138,E2820,Vor- und Rücklauf,E2820 - Vor- und Rücklauf
139,E2830,Vorlauf,E2830 - Vorlauf
140,E2840,Vorrüstung 2D-Steuerung,E2840 - Vorrüstung 2D-Steuerung
141,E2850,Vorrüstung 3D-Steuerung,E2850 - Vorrüstung 3D-Steuerung
142,E2860,Walzendrehvorrichtung,E2860 - Walzendrehvorrichtung
143,E2900,Wechselhaltersystem [Typ],E2900 - Wechselhaltersystem [Typ]
144,E2910,Wegmessesensoren (Zylinder),E2910 - Wegmessesensoren (Zylinder)
145,E2920,Wetterschutzdach,E2920 - Wetterschutzdach
146,E2930,Winde [Typ],E2930 - Winde [Typ]
147,E2940,Zahntyp,E2940 - Zahntyp
148,E2950,Zentralschmierung,E2950 - Zentralschmierung
149,E2970,Bohle [Typ],E2970 - Bohle [Typ]
150,E2980,Rotationsgeschwindigkeit [U/min],E2980 - Rotationsgeschwindigkeit [U/min]
151,E2990,Durchflussmenge [l/min],E2990 - Durchflussmenge [l/min]
152,E3000,Einbaustärke [mm],E3000 - Einbaustärke [mm]
153,E3010,Zul. Reißkraft [kNm],E3010 - Zul. Reißkraft [kNm]
154,E3020,empf. Baggerklasse [t],E3020 - empf. Baggerklasse [t]
155,E3030,VM-38 Schnittstelle,E3030 - VM-38 Schnittstelle
156,E3040,Vorrüstung Navitronic,E3040 - Vorrüstung Navitronic
157,E3050,Drehmulde,E3050 - Drehmulde
158,E3060,Vorrüstung Völkel,E3060 - Vorrüstung Völkel
159,E3070,Einbau von HGT/Schotter?,E3070 - Einbau von HGT/Schotter?
160,E3080,Führerscheinklasse,E3080 - Führerscheinklasse
161,E3090,Stützlast [kg],E3090 - Stützlast [kg]
162,E3100,Streben/Stege,E3100 - Streben/Stege
163,E3110,Farbe,E3110 - Farbe
164,E3120,Getriebe [Typ],E3120 - Getriebe [Typ]
165,E3130,Getriebe [Art],E3130 - Getriebe [Art]
166,E3150,Reifengröße,E3150 - Reifengröße
167,E3160,CO2 Emissionen [g/km],E3160 - CO2 Emissionen [g/km]
168,E3170,Umweltplakette DE,E3170 - Umweltplakette DE
169,E3180,Splittstreuer,E3180 - Splittstreuer
170,E3190,Anbauplattenverdichter,E3190 - Anbauplattenverdichter
171,E3200,Batterie [Typ],E3200 - Batterie [Typ]
